Accuracy;
0.794;1
0.80823;2
0.80560;3
0.80735;4
0.80735;5
